<?xml version="1.0"?>
<Interface Version="1" Minor="1">
	<Ifc Id="ROOT" Top="1">
		<Bus Id="InputA">
			<Port Id="7" Dir="IN"/>
			<Port Id="6" Dir="IN"/>
			<Port Id="5" Dir="IN"/>
			<Port Id="4" Dir="IN"/>
			<Port Id="3" Dir="IN"/>
			<Port Id="2" Dir="IN"/>
			<Port Id="1" Dir="IN"/>
			<Port Id="0" Dir="IN"/>
		</Bus>
		<Bus Id="InputB">
			<Port Id="7" Dir="IN"/>
			<Port Id="6" Dir="IN"/>
			<Port Id="5" Dir="IN"/>
			<Port Id="4" Dir="IN"/>
			<Port Id="3" Dir="IN"/>
			<Port Id="2" Dir="IN"/>
			<Port Id="1" Dir="IN"/>
			<Port Id="0" Dir="IN"/>
		</Bus>
		<Bus Id="segment">
			<Port Id="0" Dir="OUT"/>
			<Port Id="1" Dir="OUT"/>
			<Port Id="2" Dir="OUT"/>
			<Port Id="3" Dir="OUT"/>
			<Port Id="4" Dir="OUT"/>
			<Port Id="5" Dir="OUT"/>
			<Port Id="6" Dir="OUT"/>
		</Bus>
		<Bus Id="XLXN_7">
			<Port Id="0" Dir="OUT"/>
			<Port Id="1" Dir="OUT"/>
			<Port Id="2" Dir="OUT"/>
			<Port Id="3" Dir="OUT"/>
		</Bus>
		<Port Id="CLK" Dir="IN"/>
		<Port Id="selAdd" Dir="IN"/>
		<Port Id="selDiffer" Dir="IN"/>
		<Port Id="selShl" Dir="IN"/>
		<Port Id="selSub" Dir="IN"/>
		<Port Id="LEDtest" Dir="OUT"/>
		<Port Id="XLXN_123" Dir="OUT"/>
		<Port Id="XLXN_124" Dir="OUT"/>
		<Port Id="XLXN_125" Dir="OUT"/>
		<Port Id="XLXN_126" Dir="OUT"/>
	</Ifc>
</Interface>

